"track_id","name","total_revenue"
2868,"Walkabout","3.98"
2850,"The Fix","3.98"
3214,"Phyllis's Wedding","3.98"
2832,"The Woman King","3.98"
3200,"Gay Witch Hunt","3.98"
3177,"Hot Girl","3.98"
3250,"Pilot","3.98"
3223,"How to Stop an Exploding Man","3.98"
2826,"Hero","1.99"
2923,"Exodus (Part 2) [Season Finale]","1.99"
3186,"Email Surveillance","1.99"
2913,"Deus Ex Machina","1.99"
3209,"A Benihana Christmas, Pts. 1 & 2","1.99"
3234,"The Gun On Ice Planet Zero, Pt. 2","1.99"
3226,"Battlestar Galactica, Pt. 1","1.99"
3196,"Michael's Birthday","1.99"
3212,"Producer's Cut: The Return","1.99"
2838,"Crossroads, Pt. 2","1.99"
3342,"The Economist","1.99"
2839,"Genesis","1.99"
2901,"Homecoming","1.99"
3210,"Back from Vacation","1.99"
2873,"House of the Rising Sun","1.99"
2874,"I Do","1.99"
2900,"Exposé","1.99"
2883,"Solitary","1.99"
2833,"A Day In the Life","1.99"
3178,"The Dundies","1.99"
2904,"Outlaws","1.99"
2820,"Occupation / Precipice","1.99"
2869,"...And Found","1.99"
3222,"The Job","1.99"
3233,"The Gun On Ice Planet Zero, Pt. 1","1.99"
3168,"The Hard Part","1.99"
2828,"The Passage","1.99"
2855,"Company Man","1.99"
3346,"Ji Yeon","1.99"
3364,"There's No Place Like Home, Pt. 3","1.99"
2919,"Born to Run","1.99"
3187,"Christmas Party","1.99"
3169,"The Man Behind the Curtain","1.99"
2886,"Stranger In a Strange Land","1.99"
3230,"Lost Planet of the Gods, Pt. 2","1.99"
3238,"The Living Legend, Pt. 2","1.99"
2844,"Better Halves","1.99"
3428,"Branch Closing","1.99"
2887,"The 23rd Psalm","1.99"
2922,"Live Together, Die Alone, Pt. 1","1.99"
2851,"Distractions","1.99"
3249,"The Hand of God","1.99"
2891,"Enter 77","1.99"
3248,"Take the Celestra","1.99"
2877,"The Moth","1.99"
3241,"War of the Gods, Pt. 2","1.99"
2845,"Nothing to Hide","1.99"
2846,"Seven Minutes to Midnight","1.99"
3247,"Experiment In Terra","1.99"
3208,"The Convict","1.99"
2905,"The Whole Truth","1.99"
2896,"The Long Con","1.99"
3232,"The Long Patrol","1.99"
3246,"Baltar's Escape","1.99"
3182,"Halloween","1.99"
3245,"Greetings from Earth, Pt. 2","1.99"
3205,"Diwali","1.99"
3218,"Safety Training","1.99"
2859,"Man of Science, Man of Faith (Premiere)","1.99"
2892,"Fire + Water","1.99"
2878,"The Other 48 Days","1.99"
3337,"Past, Present, and Future","1.99"
2860,"Adrift","1.99"
3206,"Branch Closing","1.99"
3204,"The Initiation","1.99"
3231,"The Lost Warrior","1.99"
2841,"One Giant Leap","1.99"
2821,"Exodus, Pt. 1","1.99"
2827,"Unfinished Business","1.99"
3360,"Something Nice Back Home","1.99"
2910,"Dave","1.99"
3244,"Greetings from Earth, Pt. 1","1.99"
2895,"Par Avion","1.99"
2914,"S.O.S.","1.99"
3173,"Diversity Day","1.99"
2837,"Crossroads, Pt. 1","1.99"
2862,"The Glass Ballerina","1.99"
2823,"Collaborators","1.99"
2909,"Catch-22","1.99"
3338,"The Beginning of the End","1.99"
3202,"The Coup","1.99"
3347,"Meet Kevin Johnson","1.99"
3201,"The Convention","1.99"
3237,"The Living Legend, Pt. 1","1.99"
2856,"Parasite","1.99"
3235,"The Magnificent Warriors","1.99"
3191,"The Carpet","1.99"
2822,"Exodus, Pt. 2","1.99"
2882,"Lost Survival Guide","1.99"
3229,"Lost Planet of the Gods, Pt. 1","1.99"
3252,"Through the Looking Glass, Pt. 1","1.99"
3227,"Battlestar Galactica, Pt. 2","1.99"
2918,"""?""","1.99"
3224,"Through a Looking Glass","1.99"
2864,"Orientation","1.99"
407,"Só Tinha De Ser Com Você","1.98"
907,"Promises","1.98"
403,"Bumbo Da Mangueira","1.98"
1609,"I'm Gonna Crawl","1.98"
1321,"Hallowed Be Thy Name","1.98"
925,"Last Cup Of Sorrow","1.98"
416,"Whiskey In The Jar","1.98"
1424,"Hey America","1.98"
3280,"War Pigs","1.98"
3432,"Scheherazade, Op. 35: I. The Sea and Sindbad's Ship","1.98"
2531,"End Of Romanticism","1.98"
198,"When My Left Eye Jumps","1.98"
1835,"Phantom Lord","1.98"
1858,"Leper Messiah","1.98"
1344,"Aces High","1.98"
2263,"Somebody To Love","1.98"
1888,"Shoot Me Again","1.98"
161,"Snowblind","1.98"
298,"A Cor Do Sol","1.98"
2329,"I Believe","1.98"
2968,"City Of Blinding Lights","1.98"
2727,"Babylon","1.98"
1331,"Run Silent Run Deep","1.98"
211,"Bem Devagar","1.98"
2713,"Release","1.98"
937,"Midlife Crisis","1.98"
1180,"Breakdown","1.98"
241,"Geni E O Zepelim","1.98"
175,"Voodoo","1.98"
449,"Calling Dr. Love","1.98"
1853,"Battery","1.98"
693,"Sweet Hitch-Hiker","1.98"
2096,"Flying High Again","1.98"
2518,"Pretty Noose","1.98"
2714,"Heaven Coming Down","1.98"
2090,"Romance Ideal","1.98"
936,"Caffeine","1.98"
3100,"Year to the Day","1.98"
207,"Meditação","1.98"
2328,"Fall On Me","1.98"
1795,"Down by the Sea","1.98"
264,"Amor De Muito","1.98"
871,"Azul","1.98"
472,"Basket Case","1.98"
2027,"Menino De Rua","1.98"
430,"I'm Going Slightly Mad","1.98"
704,"Don't Look Now","1.98"
1632,"Living Loving Maid (She's Just A Woman)","1.98"
1400,"The Aftermath","1.98"
2804,"Lugar Nenhum","1.98"
2982,"Miami","1.98"
1322,"The Trooper","1.98"
744,"Mis Penas Lloraba Yo (Ao Vivo) Soy Gitano (Tangos)","1.98"
1786,"Save The Children","1.98"
1335,"Where Eagles Dare","1.98"
393,"Tarde Em Itapoã","1.98"
3455,"Rehab","1.98"
2991,"All Along The Watchtower","1.98"
2031,"Nossa Gente (Avisa Là)","1.98"
1808,"Nothing Else Matters","1.98"
2299,"Undertow","1.98"
217,"Mel","1.98"
2108,"Children Of The Grave","1.98"
3018,"Sunday Bloody Sunday","1.98"
705,"The Midnight Special","1.98"
2786,"O Pulso","1.98"
1576,"Rock And Roll All Nite","1.98"
1389,"Gangland","1.98"
171,"Bowels Of The Devil","1.98"
234,"Morena De Angola","1.98"
671,"As Rosas Não Falam (Beth Carvalho)","1.98"
1554,"Turbo Lover","1.98"
32,"Deuces Are Wild","1.98"
2305,"Binky The Doormat","1.98"
1876,"For Whom The Bell Tolls","1.98"
3482,"Suite No. 3 in D, BWV 1068: III. Gavotte I & II","1.98"
1012,"Times Like These","1.98"
1401,"Judgement Of Heaven","1.98"
1785,"Abraham, Martin And John","1.98"
858,"Esquinas","1.98"
1590,"Walter's Walk","1.98"
184,"Chemical Wedding","1.98"
252,"Samba Do Lado","1.98"
2723,"Gyroscope","1.98"
394,"Tanto Tempo","1.98"
1799,"Shakes and Ladders","1.98"
1358,"Blood Brothers","1.98"
1089,"Is This Love (Live)","1.98"
1621,"Dazed and Confused","1.98"
867,"Açai","1.98"
2073,"Saber Amar","1.98"
548,"Smoke On The Water","1.98"
2040,"Revolta Olodum","1.98"
2491,"Cherub Rock","1.98"
1904,"The Duke","1.98"
1864,"The Unforgiven II","1.98"
2549,"Piece Of Pie","1.98"
1103,"Lamento De Carnaval","1.98"
3488,"Music for the Funeral of Queen Mary: VI. ""Thou Knowest, Lord, the Secrets of Our Hearts""","1.98"
2172,"Big Wave","1.98"
280,"Lixo Do Mangue","1.98"
1145,"Whatsername","1.98"
1940,"Norwegian Wood","1.98"
2404,"Right On Time","1.98"
648,"Onde Anda Você","1.98"
229,"Samba De Orly","1.98"
1644,"Bron-Y-Aur Stomp","1.98"
1599,"Dancing Days","1.98"
1112,"Beira Mar","1.98"
2259,"You're My Best Friend","1.98"
473,"When I Come Around","1.98"
2154,"Untitled","1.98"
316,"Linha Do Equador","1.98"
1563,"Plaster Caster","1.98"
1626,"How Many More Times","1.98"
1567,"Sure Know Something","1.98"
2067,"Mensagen De Amor (2000)","1.98"
857,"Álibi","1.98"
2636,"Sun King","1.98"
626,"Drum Boogie","1.98"
461,"Surrender","1.98"
240,"Meu Caro Amigo","1.98"
3036,"Dirty Day","1.98"
2504,"Real Love","1.98"
20,"Overdose","1.98"
780,"Maybe I'm A Leo","1.98"
1394,"The Prisoner","1.98"
1708,"Mr. Cab Driver","1.98"
2018,"Folhas Secas","1.98"
2272,"We Are The Champions","1.98"
2561,"Question!","1.98"
728,"Woman Of The World (Ao Vivo)","1.98"
9,"Snowballed","1.98"
530,"Ando Meio Desligado","1.98"
2,"Balls to the Wall","1.98"
162,"Cornucopia","1.98"
3001,"The Star Spangled Banner","1.98"
2781,"Comida","1.98"
1633,"Ramble On","1.98"
1162,"Perfect Crime","1.98"
3024,"Two Hearts Beat As One","1.98"
903,"Lay Down Sally","1.98"
84,"Welcome Home (Sanitarium)","1.98"
2482,"Saturnine","1.98"
913,"Lonely Stranger","1.98"
1841,"The House Jack Built","1.98"
1090,"Stir It Up (Live)","1.98"
3500,"String Quartet No. 12 in C Minor, D. 703 ""Quartettsatz"": II. Andante - Allegro assai","1.98"
762,"No No No","1.98"
2995,"Pride (In The Name Of Love)","1.98"
2763,"Compadre","1.98"
3048,"C'est La Vie","1.98"
3268,"Beautiful Boy","1.98"
948,"Easy","1.98"
2295,"Untitled","1.98"
1169,"Garden of Eden","1.98"
1656,"For Your Life","1.98"
994,"The Last Song","1.98"
1099,"A Novidade (Live)","1.98"
2352,"Que Luz É Essa","1.98"
1603,"In The Evening","1.98"
716,"Brasil","1.98"
2527,"Starburst","1.98"
2537,"Travis Walk","1.98"
1458,"Light Years","1.98"
1831,"Motorbreath","1.98"
48,"Not The Doctor","1.98"
1440,"Whatever It Is, I Just Can't Stop","1.98"
2054,"Selvagem","1.98"
698,"Good Golly Miss Molly","1.98"
2136,"Plot 180","1.98"
2340,"Esporrei Na Manivela","1.98"
2063,"Nebulosa Do Amor","1.98"
443,"Shock Me","1.98"
8,"Inject The Venom","1.98"
466,"J Squared","1.98"
1690,"Tempo Perdido","1.98"
2769,"Não Quero Dinheiro","1.98"
1476,"Take It Or Leave It","1.98"
2816,"Toda Cor","1.98"
2120,"Walking Into Clarksdale","1.98"
2560,"Violent Pornography","1.98"
635,"Lemon Drop","1.98"
1672,"L'Avventura","1.98"
1135,"Holiday","1.98"
2322,"So Central Rain","1.98"
894,"Sunshine Of Your Love","1.98"
1226,"Can I Play With Madness","1.98"
675,"Susie Q","1.98"
639,"Don't Take Your Love From Me","1.98"
2495,"Bullet With Butterfly Wings","1.98"
930,"She Loves Me Not","1.98"
2554,"Soldier Side - Intro","1.98"
2085,"Meu Erro","1.98"
2286,"Get Up","1.98"
2946,"When I Look At The World","1.98"
880,"Dois Pra Lá, Dois Pra Cá","1.98"
1377,"The Clairvoyant","1.98"
1157,"Rocket Queen","1.98"
2097,"Mama, I'm Coming Home","1.98"
2249,"Rappers Reais","1.98"
1371,"Moonchild","1.98"
1208,"For the Greater Good of God","1.98"
625,"Blue Rythm Fantasy","1.98"
3013,"Sweetest Thing","1.98"
1865,"Better Than You","1.98"
2750,"You Better You Bet","1.98"
2618,"Speed Of Light","1.98"
2736,"Boris The Spider","1.98"
3446,"Symphonie Fantastique, Op. 14: V. Songe d'une nuit du sabbat","1.98"
2793,"Cabeça Dinossauro","1.98"
2250,"Nega Do Cabelo Duro","1.98"
496,"Living On Love","1.98"
2572,"Midnight From The Inside Out","1.98"
3025,"Red Light","1.98"
2386,"Tear","1.98"
2945,"Peace On Earth","1.98"
1367,"The Number Of The Beast","1.98"
662,"Pela Luz dos Olhos Teus (Miúcha e Tom Jobim)","1.98"
1244,"The Thin Line Between Love & Hate","1.98"
681,"Commotion","1.98"
2368,"Under The Bridge","1.98"
1192,"L'Arc En Ciel De Miles","1.98"
1553,"You've Got Another Thing Comin'","1.98"
484,"Nice Guys Finish Last","1.98"
66,"Por Causa De Você","1.98"
512,"Comportamento Geral","1.98"
2955,"Everlasting Love","1.98"
2481,"Waiting","1.98"
2600,"Train In Vain","1.98"
1126,"Re-Align","1.98"
439,"Sure Know Something","1.98"
1922,"Menestrel Das Alagoas","1.98"
2792,"A Melhor Forma","1.98"
2317,"Country Feedback","1.98"
1168,"The Garden","1.98"
1412,"Don't Look To The Eyes Of A Stranger","1.98"
2584,"Title Song","1.98"
2017,"Sangue Latino","1.98"
976,"Falamansa Song","1.98"
3256,"Give Peace a Chance","1.98"
2959,"Hallelujah Here She Comes","1.98"
3082,"Eruption","1.98"
1822,"Stone Cold Crazy","1.98"
2759,"Música No Ar","1.98"
3064,"Eruption","1.98"
1139,"Give Me Novacaine","1.98"
960,"What A Day","1.98"
1418,"Papa's Got A Brand New Bag Pt.1","0.99"
881,"Casa no Campo","0.99"
385,"All Star","0.99"
492,"Don't You Cry","0.99"
3094,"One I Want","0.99"
2375,"By The Way","0.99"
544,"Stormbringer","0.99"
2163,"Black","0.99"
3159,"Camarão que Dorme e Onda Leva","0.99"
1667,"No Quarter","0.99"
308,"Na Frente Da TV","0.99"
1072,"Forty Days Instrumental","0.99"
1586,"Thank You","0.99"
2669,"Get Off Of My Cloud","0.99"
248,"Etnia","0.99"
2725,"Release","0.99"
1918,"Paisagem Na Janela","0.99"
208,"Terra","0.99"
24,"Love In An Elevator","0.99"
966,"Falling To Pieces","0.99"
1607,"Carouselambra","0.99"
94,"Hypnotize","0.99"
49,"Wake Up","0.99"
1188,"Colibri","0.99"
2069,"La Bella Luna","0.99"
2148,"Iron Maiden","0.99"
1955,"Please Don't Touch","0.99"
2021,"Quem Mata A Mulher Mata O Melhor","0.99"
1580,"Black Dog","0.99"
477,"Brain Stew","0.99"
781,"Pictures Of Home","0.99"
2431,"Just Ain't Good Enough","0.99"
1362,"Dream Of Mirrors","0.99"
2606,"Know Your Rights","0.99"
1509,"Salve Simpatia","0.99"
2743,"Baba O'Riley","0.99"
2075,"O Amor Nao Sabe Esperar","0.99"
3437,"Piano Sonata No. 14 in C Sharp Minor, Op. 27, No. 2, ""Moonlight"": I. Adagio sostenuto","0.99"
2124,"Sons Of Freedom","0.99"
1686,"Será","0.99"
849,"Baltimore, DC","0.99"
2055,"Brasília 5:31","0.99"
1905,"My Ship","0.99"
919,"San Francisco Bay Blues","0.99"
1348,"Duelists","0.99"
1894,"...And Justice For All","0.99"
932,"Paths Of Glory","0.99"
1673,"Música De Trabalho","0.99"
2298,"New Test Leper","0.99"
1781,"Seek And You Shall Find","0.99"
733,"E.C.T.","0.99"
269,"Banditismo Por Uma Questa","0.99"
2311,"Low","0.99"
1594,"Wearing And Tearing","0.99"
125,"Spanish moss-""A sound portrait""-Spanish moss","0.99"
3146,"Faixa Amarela","0.99"
700,"Wrote A Song For Everyone","0.99"
1308,"From Here To Eternity","0.99"
43,"Forgiven","0.99"
1649,"Ten Years Gone","0.99"
187,"Book Of Thel","0.99"
349,"You Shook Me(2)","0.99"
2953,"Bass Trap","0.99"
1789,"Praise","0.99"
2065,"Trac Trac","0.99"
1416,"Night Train","0.99"
242,"Trocando Em Miúdos","0.99"
677,"Proud Mary","0.99"
2226,"Pick Myself Up","0.99"
2690,"Love Is Strong","0.99"
1954,"Dirty Love","0.99"
1232,"Heaven Can Wait","0.99"
3457,"Me & Mr. Jones","0.99"
4,"Restless and Wild","0.99"
2419,"Finding My Way","0.99"
3154,"Feirinha da Pavuna/Luz do Repente/Bagaço da Laranja","0.99"
844,"Groovus Interruptus","0.99"
2301,"Leave","0.99"
1787,"You Sure Love To Ball","0.99"
1039,"What Now My Love","0.99"
631,"How High The Moon","0.99"
3473,"Take the Box","0.99"
107,"Yesterday To Tomorrow","0.99"
6,"Put The Finger On You","0.99"
1163,"You Ain't the First","0.99"
2628,"Love Removal Machine","0.99"
2200,"Porch","0.99"
1628,"What Is And What Should Never Be","0.99"
1650,"Night Flight","0.99"
2351,"Todo Mundo Explica","0.99"
340,"Dazed and Confused","0.99"
3077,"Can't Stop Loving You","0.99"
1572,"Every Time I Look At You","0.99"
1982,"Primal Scream","0.99"
2023,"O Braço Da Minha Guitarra","0.99"
2998,"When Love Comes To Town","0.99"
2815,"Eu E Ela","0.99"
924,"Stripsearch","0.99"
2748,"Squeeze Box","0.99"
3058,"Dancing In The Street","0.99"
1054,"Mack The Knife","0.99"
3461,"Tears Dry On Their Own","0.99"
651,"Pot-Pourri N.º 5","0.99"
38,"All I Really Want","0.99"
1449,"Destitute Illusions","0.99"
3009,"Bad","0.99"
3292,"Still Loving You","0.99"
3490,"Partita in E Major, BWV 1006A: I. Prelude","0.99"
985,"Medo De Escuro","0.99"
3328,"Armadura","0.99"
1601,"No Quarter","0.99"
2092,"SKA","0.99"
2173,"Gone","0.99"
931,"Got That Feeling","0.99"
2777,"Balanço","0.99"
1654,"Sick Again","0.99"
2551,"Wet My Bed","0.99"
1991,"Been A Son","0.99"
304,"Firmamento","0.99"
3481,"A Midsummer Night's Dream, Op.61 Incidental Music: No.7 Notturno","0.99"
2190,"1/2 Full","0.99"
633,"Up An' Atom","0.99"
2344,"Maluco Beleza","0.99"
450,"Beth","0.99"
405,"Santo Antonio","0.99"
1197,"Thinking 'Bout Tomorrow","0.99"
1063,"Funk Hum","0.99"
2369,"Naked In The Rain","0.99"
679,"Lodi","0.99"
375,"Mas Que Nada","0.99"
983,"Principiando/Decolagem","0.99"
680,"Green River","0.99"
1160,"Live and Let Die","0.99"
1359,"Sign Of The Cross","0.99"
982,"Avisa","0.99"
1445,"Planet Home","0.99"
1330,"The Assassin","0.99"
821,"Ramshackle Man","0.99"
1826,"Damage Case","0.99"
2709,"Sister Awake","0.99"
1141,"Extraordinary Girl","0.99"
1329,"Fates Warning","0.99"
659,"Samba Em Prelúdio","0.99"
1481,"Red House","0.99"
1490,"Hey Joe","0.99"
2578,"Miracle To Me","0.99"
3291,"Loving You Sunday Morning","0.99"
566,"Caprichosos","0.99"
457,"De La Luz","0.99"
553,"Houses Of The Holy","0.99"
1640,"Out On The Tiles","0.99"
1968,"Demorou!","0.99"
927,"Helpless","0.99"
3284,"Never Say Die","0.99"
2989,"Desire","0.99"
3315,"Feel It","0.99"
774,"The Unwritten Law","0.99"
1385,"De Ja Vu","0.99"
2519,"Burden In My Hand","0.99"
2510,"Get On The Snake","0.99"
398,"Only A Dream In Rio","0.99"
1726,"Satisfação","0.99"
165,"Under The Sun/Every Day Comes and Goes","0.99"
2641,"The Crystal Ship","0.99"
1732,"Aquilo","0.99"
2645,"Back Door Man","0.99"
2231,"Time","0.99"
3059,"Little Guitars (Intro)","0.99"
1267,"Fear Of The Dark","0.99"
2928,"One","0.99"
2427,"Santana Jam","0.99"
2797,"Homem Primata (Vinheta)","0.99"
245,"Construção / Deus Lhe Pague","0.99"
1326,"Holy Smoke","0.99"
3016,"Angel Of Harlem","0.99"
1807,"Through The Never","0.99"
1127,"I Fucking Hate You","0.99"
2348,"As Profecias","0.99"
2222,"Bush Doctor","0.99"
1017,"Overdrive","0.99"
558,"Viradouro","0.99"
144,"Heart Of Gold","0.99"
1754,"White Feather","0.99"
598,"Jeru","0.99"
2505,"[Untitled]","0.99"
287,"Extra","0.99"
2511,"Jesus Christ Pose","0.99"
167,"Body Count's In The House","0.99"
2499,"Eye","0.99"
1352,"Intro","0.99"
1859,"Orion","0.99"
3444,"Romeo et Juliette: No. 11 - Danse des Chevaliers","0.99"
2058,"Navegar Impreciso","0.99"
3414,"Symphony No. 104 in D Major ""London"": IV. Finale: Spiritoso","0.99"
1441,"Blow Your Mind","0.99"
2718,"Life Line","0.99"
2217,"Don't Look Back","0.99"
1035,"New York, New York","0.99"
367,"Leandro De Itaquera 2001","0.99"
2458,"Fica","0.99"
2091,"Será Que Vai Chover?","0.99"
572,"Put Your Lights On","0.99"
1735,"Ro-Que-Se-Da-Ne","0.99"
247,"O Cidadão Do Mundo","0.99"
2326,"Can't Get There From Here","0.99"
3333,"Chega no Suingue","0.99"
423,"I Want To Break Free","0.99"
1240,"Dream Of Mirrors","0.99"
1881,"The Call Of Ktulu","0.99"
411,"Turn The Page","0.99"
1946,"Fast And Loose","0.99"
869,"Flor De Lis","0.99"
3087,"Atomic Punk","0.99"
2339,"Puteiro Em João Pessoa","0.99"
2186,"Get Right","0.99"
672,"Wave (Os Cariocas)","0.99"
3267,"Imagine","0.99"
3387,"Disappearing Act","0.99"
1584,"That's The Way","0.99"
1454,"Deeper Underground","0.99"
2805,"Sua Impossivel Chance","0.99"
3065,"Ain't Talkin' 'bout Love","0.99"
256,"Sobremesa","0.99"
3091,"On Fire","0.99"
1812,"The Struggle Within","0.99"
3145,"Sweet Lady Luck","0.99"
1860,"Damage Inc.","0.99"
422,"I Want It All","0.99"
885,"Fascinação","0.99"
185,"The Tower","0.99"
215,"Sozinho","0.99"
1107,"Refazenda","0.99"
1526,"Encontrar Alguém","0.99"
617,"Jean Pierre (Live)","0.99"
3106,"Big Machine","0.99"
2253,"Se Liga","0.99"
3014,"Desire","0.99"
1531,"Onibusfobia","0.99"
2022,"Mundaréu","0.99"
2607,"Rock The Casbah","0.99"
3296,"I Can't Explain","0.99"
2522,"Bleed Together","0.99"
817,"Lick It Up","0.99"
426,"Breakthru","0.99"
2808,"Domingo","0.99"
1840,"2 X 4","0.99"
169,"Body Count","0.99"
3477,"Amy Amy Amy (Outro)","0.99"
299,"Onde Você Mora?","0.99"
1113,"Sampa","0.99"
1317,"Heaven Can Wait","0.99"
1702,"Are You Gonna Go My Way","0.99"
660,"Carta Ao Tom 74","0.99"
971,"The Morning After","0.99"
1759,"Tempos Modernos","0.99"
910,"Before You Accuse Me","0.99"
236,"A Banda","0.99"
941,"Malpractice","0.99"
949,"Get Out","0.99"
2761,"Você Fugiu","0.99"
135,"Super Terrorizer","0.99"
2970,"A Man And A Woman","0.99"
2362,"Suck My Kiss","0.99"
2334,"Infeliz Natal","0.99"
454,"Plaster Caster","0.99"
2077,"Caleidoscópio","0.99"
879,"Atrás da Porta","0.99"
500,"Wherever You May Go","0.99"
1204,"The Pilgrim","0.99"
2590,"Remedy","0.99"
3440,"Concerto for Cello and Orchestra in E minor, Op. 85: I. Adagio - Moderato","0.99"
2646,"I Looked At You","0.99"
1994,"Spank Thru","0.99"
2980,"Last Night On Earth","0.99"
1138,"St. Jimmy","0.99"
1085,"Lamento Sertanejo","0.99"
121,"Good Golly Miss Molly","0.99"
1353,"The Wicker Man","0.99"
3436,"Karelia Suite, Op.11: 2. Ballade (Tempo Di Menuetto)","0.99"
1407,"The Angel And The Gambler","0.99"
2418,"Fly By Night","0.99"
3017,"All I Want Is You","0.99"
2937,"Love Is Blindness","0.99"
1031,"Walking After You","0.99"
1184,"Estranged","0.99"
15,"Go Down","0.99"
859,"Se...","0.99"
767,"No One Came","0.99"
2062,"Life During Wartime","0.99"
2627,"Wild Hearted Son","0.99"
244,"Gota D'água","0.99"
1124,"Make Me Believe","0.99"
468,"Maria","0.99"
1717,"Assim Caminha A Humanidade","0.99"
721,"Você Passa, Eu Acho Graça (Ao Vivo)","0.99"
251,"Um Passeio No Mundo Livre","0.99"
1436,"Hooked Up","0.99"
2464,"Garota Nacional","0.99"
2008,"Polly","0.99"
786,"Vavoom : Ted The Mechanic","0.99"
1945,"Live To Win","0.99"
321,"Felicidade Urgente","0.99"
2223,"Wanted Dread And Alive","0.99"
402,"Um Jantar Pra Dois","0.99"
804,"Fortuneteller","0.99"
3410,"The Messiah: Behold, I Tell You a Mystery... The Trumpet Shall Sound","0.99"
2947,"New York","0.99"
1934,"Ponta de Areia","0.99"
866,"Oceano","0.99"
2047,"Um Amor, Um Lugar","0.99"
2932,"The Fly","0.99"
2104,"Relvelation (Mother Earth)","0.99"
1391,"Invaders","0.99"
467,"Best Thing","0.99"
776,"Hush","0.99"
3332,"Funk de Bamba","0.99"
2026,"Às Vezes","0.99"
1636,"Immigrant Song","0.99"
1121,"Straight Out Of Line","0.99"
2493,"Disarm","0.99"
3302,"Put Your Head Out","0.99"
1882,"Frantic","0.99"
1343,"To Tame A Land","0.99"
724,"Música Urbana 2","0.99"
1323,"Sanctuary","0.99"
2746,"5.15","0.99"
1222,"Iron Maiden","0.99"
2405,"Road Trippin'","0.99"
1714,"Believe","0.99"
2978,"If God Will Send His Angels","0.99"
339,"Communication Breakdown","0.99"
2041,"Reggae Odoyá","0.99"
2287,"You Are The Everything","0.99"
772,"Black Night","0.99"
3279,"Fairies Wear Boots","0.99"
335,"My Love","0.99"
1931,"Beijo Partido","0.99"
808,"Love Don't Mean a Thing","0.99"
1695,"Pais E Filhos","0.99"
3470,"I Heard Love Is Blind","0.99"
1768,"Dança Da Solidão","0.99"
952,"The Gentle Art Of Making Enemies","0.99"
2489,"Rhinocerous","0.99"
2732,"Anyway, Anyhow, Anywhere","0.99"
890,"Aprendendo A Jogar","0.99"
2107,"Iron Man","0.99"
1214,"Prowler","0.99"
517,"Um Indio","0.99"
1999,"Polly","0.99"
1111,"A Paz","0.99"
129,"Solo-Panhandler","0.99"
2102,"Mr. Crowley","0.99"
1181,"Pretty Tied Up","0.99"
789,"Sometimes I Feel Like Screaming","0.99"
1838,"Metal Militia","0.99"
2277,"Get Down, Make Love","0.99"
3297,"Tease Me Please Me","0.99"
1491,"Stone Free","0.99"
1172,"Dead Horse","0.99"
1351,"Rime of the Ancient Mariner","0.99"
3319,"Instinto Colectivo","0.99"
1660,"Hots On For Nowhere","0.99"
1333,"Bring Your Daughter... ...To The Slaughter","0.99"
1610,"Black Dog","0.99"
943,"Be Aggressive","0.99"
2003,"Smells Like Teen Spirit","0.99"
330,"Levada do Amor (Ailoviu)","0.99"
451,"Strutter","0.99"
1220,"Run To The Hilss","0.99"
348,"I Can't Quit You Baby(2)","0.99"
1634,"Moby Dick","0.99"
3273,"[Just Like] Starting Over","0.99"
112,"Long Tall Sally","0.99"
2113,"Shining In The Light","0.99"
268,"Maracatu Atômico [Trip Hop]","0.99"
1745,"Pseudo Silk Kimono","0.99"
1404,"2 A.M.","0.99"
830,"Two Steps Behind [Acoustic Version]","0.99"
3151,"Seu Balancê","0.99"
1545,"Enquanto O Dia Não Vem","0.99"
1581,"Dazed And Confused","0.99"
1482,"Can You See Me","0.99"
2268,"Seven Seas Of Rhye","0.99"
988,"Desaforo","0.99"
1340,"Still Life","0.99"
964,"From Out Of Nowhere","0.99"
590,"Seis Da Tarde","0.99"
2000,"Breed","0.99"
1396,"Lord Of The Flies","0.99"
202,"My Time After Awhile","0.99"
2974,"Yahweh","0.99"
678,"Bad Moon Rising","0.99"
812,"You Can't Do it Right (With the One You Love)","0.99"
1390,"Hallowed Be Thy Name","0.99"
3083,"You Really Got Me","0.99"
1981,"Smokin' in The Boys Room","0.99"
1176,"Yesterdays","0.99"
2280,"It's Late","0.99"
1186,"Don't Cry","0.99"
28,"Janie's Got A Gun","0.99"
2316,"Texarkana","0.99"
3326,"Todo o Carnaval tem seu Fim","0.99"
3465,"You Know I'm No Good (feat. Ghostface Killah)","0.99"
1147,"It's So Easy","0.99"
2208,"Dissident","0.99"
720,"Coroné Antonio Bento","0.99"
917,"Walkin' Blues","0.99"
489,"Into The Light","0.99"
2588,"Soul Singing","0.99"
2358,"The Power Of Equality","0.99"
1555,"Freewheel Burning","0.99"
1605,"Fool In The Rain","0.99"
3286,"Iron Man/Children of the Grave","0.99"
2142,"Murders In The Rue Morgue","0.99"
1000,"What If I Do?","0.99"
2927,"Even Better Than The Real Thing","0.99"
3310,"Commercial 2","0.99"
2205,"Animal","0.99"
706,"Before You Accuse Me","0.99"
571,"Love Of My Life","0.99"
666,"Coração do Agreste (Fafá de Belém)","0.99"
1423,"Get Up (I Feel Like Being A) Sex Machine","0.99"
956,"Ugly In The Morning","0.99"
216,"Esse Cara","0.99"
958,"Take This Bottle","0.99"
1655,"Achilles Last Stand","0.99"
213,"Saudosismo","0.99"
694,"Someday Never Comes","0.99"
1114,"Parabolicamará","0.99"
3450,"Peer Gynt Suite No.1, Op.46: 1. Morning Mood","0.99"
3260,"Gimme Some Truth","0.99"
3493,"Metopes, Op. 29: Calypso","0.99"
1013,"Disenchanted Lullaby","0.99"
594,"Agora Que O Dia Acordou","0.99"
460,"Playtime","0.99"
1839,"Ain't My Bitch","0.99"
1530,"Sem Sentido","0.99"
62,"Real Thing","0.99"
2213,"Elderly Woman Behind The Counter In A Small Town","0.99"
3454,"Symphony No. 41 in C Major, K. 551, ""Jupiter"": IV. Molto allegro","0.99"
649,"Samba Da Volta","0.99"
2039,"Jeito Faceiro","0.99"
421,"Radio GA GA","0.99"
2539,"Scratch-N-Sniff","0.99"
835,"Action","0.99"
25,"Rag Doll","0.99"
2512,"Outshined","0.99"
2664,"Time Is On My Side","0.99"
3088,"Feel Your Love Tonight","0.99"
1026,"My Hero","0.99"
434,"The Show Must Go On","0.99"
1420,"It's A Man's Man's Man's World","0.99"
901,"After Midnight","0.99"
1191,"Deep Waters","0.99"
465,"When Evening Falls","0.99"
3276,"Sympton of the Universe","0.99"
2468,"Um Dia Qualquer","0.99"
3309,"Guess Who's Back","0.99"
1587,"We're Gonna Groove","0.99"
1091,"Refavela (Live)","0.99"
839,"Rock Of Ages","0.99"
1075,"Esperando Na Janela","0.99"
539,"Rita Lee","0.99"
1108,"Realce","0.99"
1899,"The Frayed Ends Of Sanity","0.99"
1691,"Indios","0.99"
2009,"Territorial Pissings","0.99"
1494,"The Wind Cries Mary","0.99"
2182,"Ghost","0.99"
1045,"Fly Me To The Moon","0.99"
3464,"He Can Only Hold Her","0.99"
1307,"Wrathchild","0.99"
271,"Rios Pontes & Overdrives","0.99"
3042,"Here I Am (Come And Take Me)","0.99"
1558,"Ram It Down","0.99"
2740,"Magic Bus","0.99"
3020,"New Year's Day","0.99"
417,"Tuesday's Gone","0.99"
2541,"Riviera Paradise","0.99"
1175,"14 Years","0.99"
3031,"Lemon","0.99"
2686,"Respectable","0.99"
1830,"The Four Horsemen","0.99"
1018,"Burn Away","0.99"
1833,"(Anesthesia) Pulling Teeth","0.99"
1263,"Chains Of Misery","0.99"
189,"Jerusalem","0.99"
2025,"Mãe Terra","0.99"
1431,"I'm Real","0.99"
120,"Carol","0.99"
1289,"2 Minutes To Midnight","0.99"
2357,"Rock Das Aranhas (Ao Vivo) (Live)","0.99"
695,"Walking On The Water","0.99"
794,"A Touch Away","0.99"
2332,"The Finest Worksong","0.99"
2785,"Os Cegos Do Castelo","0.99"
1749,"Heart Of Lothian: Wide Boy / Curtain Call","0.99"
1368,"Hallowed Be Thy Name","0.99"
508,"Eu Apenas Queria Que Voçê Soubesse","0.99"
2313,"Endgame","0.99"
3373,"Four Walled World","0.99"
1463,"Journey To Arnhemland","0.99"
1829,"Hit The Lights","0.99"
2400,"I Like Dirt","0.99"
2321,"Talk About The Passion","0.99"
2553,"Where The River Goes","0.99"
1030,"Everlong","0.99"
1614,"Misty Mountain Hop","0.99"
803,"Love Conquers All","0.99"
54,"Bleed The Freak","0.99"
2576,"Sometimes Salvation","0.99"
1913,"Blues For Pablo (Alternate Take)","0.99"
2514,"Spoonman","0.99"
2533,"Crossfire","0.99"
2630,"Edie (Ciao Baby)","0.99"
285,"Soldado Da Paz","0.99"
2116,"Blue Train","0.99"
1880,"Creeping Death","0.99"
2441,"Stars","0.99"
1718,"Honolulu","0.99"
1190,"Magnetic Ocean","0.99"
2609,"War (The Process)","0.99"
2296,"How The West Was Won And Where It Got Us","0.99"
906,"Let It Grow","0.99"
909,"Signe","0.99"
745,"Comin' Home","0.99"
152,"N.I.B.","0.99"
428,"Headlong","0.99"
1685,"O Livro Dos Dias","0.99"
1049,"Come Fly With Me","0.99"
3285,"Sabbath, Bloody Sabbath","0.99"
1008,"Razor","0.99"
3040,"I Would Do For You","0.99"
1098,"Copacabana (Live)","0.99"
2719,"Paint It Black","0.99"
2333,"It's The End Of The World As We Know It (And I Feel Fine)","0.99"
1325,"Tailgunner","0.99"
186,"Killing Floor","0.99"
2035,"Todo Amor (Asas Da Liberdade)","0.99"
501,"Grito De Alerta","0.99"
2159,"Off He Goes","0.99"
750,"Drifter","0.99"
1679,"Dezesseis","0.99"
977,"Xote Dos Milagres","0.99"
1900,"To Live Is To Die","0.99"
3355,"Love Comes","0.99"
2127,"Your Blue Room","0.99"
143,"The Begining... At Last","0.99"
1959,"Aos Leões","0.99"
1762,"Panis Et Circenses","0.99"
228,"Vai Passar","0.99"
2803,"Sonifera Ilha","0.99"
1845,"Bleeding Me","0.99"
294,"Pensamento","0.99"
1629,"The Lemon Song","0.99"
926,"Naked In Front Of The Computer","0.99"
607,"So What","0.99"
258,"Um Satélite Na Cabeça","0.99"
2178,"Can't Keep","0.99"
483,"Redundant","0.99"
1816,"Crash Course In Brain Surgery","0.99"
2459,"Ali","0.99"
1877,"Fade To Black","0.99"
2274,"All Dead, All Dead","0.99"
1815,"The Wait","0.99"
1259,"Fear Is The Key","0.99"
379,"Água de Beber","0.99"
1062,"Zambação","0.99"
942,"Kindergarten","0.99"
108,"Dandelion","0.99"
1862,"The Memory Remains","0.99"
1535,"No Futuro","0.99"
1285,"Purgatory","0.99"
3438,"Fantasia On Greensleeves","0.99"
2704,"Mean Disposition","0.99"
2232,"The Great Gig In The Sky","0.99"
2302,"Departure","0.99"
1447,"Soul Education","0.99"
1866,"Slither","0.99"
3467,"Intro / Stronger Than Me","0.99"
153,"Evil Woman","0.99"
214,"Carolina","0.99"
3041,"Homely Girl","0.99"
1753,"Childhoods End?","0.99"
3383,"Scar On the Sky","0.99"
2218,"Jah Seh No","0.99"
2715,"The River (Remix)","0.99"
1170,"Don't Damn Me","0.99"
3392,"Until We Fall","0.99"
1203,"Brighter Than a Thousand Suns","0.99"
2567,"Duende","0.99"
840,"Hysteria","0.99"
2109,"Paranoid","0.99"
1378,"Only the Good Die Young","0.99"
3,"Fast As a Shark","0.99"
2273,"Sheer Heart Attack","0.99"
921,"Old Love","0.99"
1227,"Wasting Love","0.99"
2745,"Let's See Action","0.99"
1923,"Brasil","0.99"
3492,"Sing Joyfully","0.99"
2446,"So Beautiful","0.99"
3469,"F**k Me Pumps","0.99"
1295,"The Number Of The Beast","0.99"
1217,"Where Eagles Dare","0.99"
2780,"Formigueiro","0.99"
3007,"I Still Haven't Found What I'm Looking For","0.99"
1249,"Dance Of Death","0.99"
2741,"Pinball Wizard","0.99"
418,"The More I See","0.99"
1870,"Prince Charming","0.99"
3105,"Do It For The Kids","0.99"
2967,"Love And Peace Or Else","0.99"
39,"You Oughta Know","0.99"
3132,"Still Of The Night","0.99"
1477,"Lazy Gun","0.99"
1209,"Lord of Light","0.99"
2306,"Zither","0.99"
2977,"Mofo","0.99"
1837,"Seek & Destroy","0.99"
683,"Fortunate Son","0.99"
317,"Amor Demais","0.99"
608,"The Pan Piper","0.99"
2380,"The Zephyr Song","0.99"
2681,"Corinna","0.99"
702,"Cotton Fields","0.99"
2281,"My Melancholy Blues","0.99"
126,"Moon germs","0.99"
194,"First Time I Met The Blues","0.99"
1620,"You Shook Me","0.99"
463,"Believe","0.99"
476,"Geek Stink Breath","0.99"
883,"Alô, Alô, Marciano","0.99"
2093,"Bark at the Moon","0.99"
1887,"My World","0.99"
1146,"Welcome to the Jungle","0.99"
1544,"Cafezinho","0.99"
2975,"Discotheque","0.99"
756,"Child In Time","0.99"
933,"Home Sick Home","0.99"
647,"Pot-Pourri N.º 4","0.99"
593,"Do You Have Other Loves?","0.99"
293,"Onde Você Mora?","0.99"
2087,"Me Liga","0.99"
1120,"Sítio Do Pica-Pau Amarelo","0.99"
3419,"Requiem, Op.48: 4. Pie Jesu","0.99"
2659,"Every Breath You Take","0.99"
495,"Cry For Love","0.99"
657,"Deixa","0.99"
1645,"Hats Off To (Roy) Harper","0.99"
474,"She","0.99"
2485,"Winterlong","0.99"
2969,"All Because Of You","0.99"
1666,"Dazed And Confused","0.99"
2557,"Cigaro","0.99"
1910,"Lament","0.99"
1179,"Shotgun Blues","0.99"
1847,"Poor Twisted Me","0.99"
1700,"Dezesseis","0.99"
2049,"Vai Valer","0.99"
2582,"Black Moon Creeping","0.99"
116,"C'Mon Everybody","0.99"
1791,"Down Under","0.99"
1810,"The God That Failed","0.99"
2318,"Carnival Of Sorts","0.99"
970,"Underwater Love","0.99"
2936,"Acrobat","0.99"
2722,"Psychopomp","0.99"
1977,"Home Sweet Home","0.99"
732,"Smells Like Teen Spirit (Ao Vivo)","0.99"
2979,"Staring At The Sun","0.99"
1856,"Welcome Home (Sanitarium)","0.99"
1627,"Whole Lotta Love","0.99"
2556,"Revenga","0.99"
734,"Todo Amor Que Houver Nesta Vida","0.99"
1767,"A Menina Dança","0.99"
1272,"05 - Phantom of the Opera","0.99"
180,"Body Count Anthem","0.99"
967,"Surprise! You're Dead!","0.99"
3160,"Sapopemba e Maxambomba","0.99"
263,"Criança De Domingo","0.99"
1571,"I Still Love You","0.99"
470,"Longview","0.99"
1565,"Do You Love Me","0.99"
2632,"Love","0.99"
1668,"Stairway To Heaven","0.99"
478,"Jaded","0.99"
1057,"Entrando Na Sua (Intro)","0.99"
2768,"Você","0.99"
717,"Eu Sou Neguinha (Ao Vivo)","0.99"
2506,"Nothing To Say","0.99"
2310,"Losing My Religion","0.99"
525,"O Leaozinho","0.99"
634,"Bop Boogie","0.99"
2580,"Girl From A Pawnshop","0.99"
1771,"Segue O Seco","0.99"
210,"Texto ""Verdade Tropical""","0.99"
710,"It's Just A Thought","0.99"
2374,"They're Red Hot","0.99"
3458,"Just Friends","0.99"
2509,"Hands All Over","0.99"
2530,"Little Linda","0.99"
2284,"Radio Song","0.99"
2766,"O Que Me Importa","0.99"
1661,"Tea For One","0.99"
954,"Cuckoo For Caca","0.99"
3128,"Samba Do Jato","0.99"
2440,"If You Don't Know Me By Now","0.99"
2267,"Flash","0.99"
3109,"Fall To Pieces","0.99"
2181,"Cropduster","0.99"
2145,"Sanctuary","0.99"
1281,"Genghis Khan","0.99"
2398,"Porcelain","0.99"
531,"Top Top","0.99"
2731,"I Can't Explain","0.99"
3028,"Zooropa","0.99"
686,"Up Around The Bend","0.99"
1622,"Your Time Is Gonna Come","0.99"
303,"Falar A Verdade","0.99"
2583,"High Head Blues","0.99"
2395,"Get On Top","0.99"
1406,"Futureal","0.99"
1741,"Assaltaram A Gramática","0.99"
1849,"Mama Said","0.99"
233,"O Que Será (À Flor Da Terra)","0.99"
3110,"Headspace","0.99"
1149,"Out Ta Get Me","0.99"
1370,"Run To The Hills","0.99"
2290,"The Wrong Child","0.99"
1115,"Tempo Rei","0.99"
93,"Exploder","0.99"
89,"Like a Stone","0.99"
1383,"Stranger in a Strange Land","0.99"
1345,"2 Minutes To Midnight","0.99"
2678,"Gimmie Shelters","0.99"
2668,"As Tears Go By","0.99"
884,"Me Deixas Louca","0.99"
1513,"Charles Anjo 45","0.99"
1871,"Low Man's Lyric","0.99"
2950,"Spanish Eyes","0.99"
953,"Star A.D.","0.99"
195,"Let Me Love You Baby","0.99"
1286,"Drifter","0.99"
3163,"Samba pras moças","0.99"
1153,"Think About You","0.99"
1137,"Are We The Waiting","0.99"
2507,"Flower","0.99"
441,"Deuce","0.99"
2673,"Under My Thumb","0.99"
1744,"O Último Romântico (Ao Vivo)","0.99"
2994,"Silver And Gold","0.99"
2036,"Denúncia","0.99"
2789,"Flores","0.99"
2195,"Alive","0.99"
2320,"Perfect Circle","0.99"
2490,"Drown","0.99"
892,"Badge","0.99"
2660,"King Of Pain","0.99"
1949,"Jailbait","0.99"
503,"Começaria Tudo Outra Vez","0.99"
2677,"You Got Me Rocking","0.99"
1356,"Wrathchild","0.99"
2323,"Don't Go Back To Rockville","0.99"
865,"Nem Um Dia","0.99"
2257,"Fat Bottomed Girls","0.99"
2209,"W.M.A.","0.99"
1893,"Blackened","0.99"
2177,"Inside Job","0.99"
3356,"Muita Bobeira","0.99"
795,"Hey Cisco","0.99"
934,"Pristina","0.99"
2377,"This Is The Place","0.99"
370,"Ipiranga 2001","0.99"
3026,"Surrender","0.99"
2957,"Walk To The Water","0.99"
1156,"Anything Goes","0.99"
2972,"One Step Closer","0.99"
1395,"Sign Of The Cross","0.99"
3480,"Sonata for Solo Violin: IV: Presto","0.99"
1472,"Radio Song","0.99"
2565,"The Sun Road","0.99"
2525,"Rasul","0.99"
2356,"Século XXI","0.99"
3053,"Hang 'Em High","0.99"
2767,"Gostava Tanto De Você","0.99"
389,"Maria Fumaça","0.99"
2422,"La Puesta Del Sol","0.99"
60,"Confusion","0.99"
3092,"Neworld","0.99"
2382,"I Could Die For You","0.99"
518,"Podres Poderes","0.99"
1299,"Running Free","0.99"
2571,"Chaos-Control","0.99"
98,"The Last Remaining Light","0.99"
2542,"Dead And Bloated","0.99"
715,"Gatas Extraordinárias","0.99"
2650,"Roxanne","0.99"
235,"Apesar De Você","0.99"
763,"Strange Kind Of Woman","0.99"
2612,"Take The Power","0.99"
1809,"Of Wolf And Man","0.99"
1066,"Dujji","0.99"
3434,"Concerto for Piano No. 2 in F Minor, Op. 21: II. Larghetto","0.99"
358,"Man With The Woman Head","0.99"
2336,"Papeau Nuky Doe","0.99"
412,"Die Die My Darling","0.99"
26,"What It Takes","0.99"
72,"Angela","0.99"
1527,"Dance Enquanto é Tempo","0.99"
232,"Tatuagem","0.99"
1916,"Coração De Estudante","0.99"
37,"Livin' On The Edge","0.99"
310,"Sábado A Noite","0.99"
1624,"Communication Breakdown","0.99"
584,"Manuel","0.99"
2454,"Muçulmano","0.99"
3254,"#9 Dream","0.99"
353,"Sam With The Showing Scalp Flat Top","0.99"
834,"When Love & Hate Collide","0.99"
831,"Animal","0.99"
813,"High Ball Shooter","0.99"
1164,"Bad Obsession","0.99"
1298,"Run To The Hills","0.99"
2293,"Hairshirt","0.99"
225,"Sozinho (Caêdrum 'n' Bass)","0.99"
1446,"Black Capricorn Day","0.99"
1375,"Seventh Son of a Seventh Son","0.99"
891,"Layla","0.99"
134,"All For You","0.99"
1430,"Living In America","0.99"
2508,"Loud Love","0.99"
3002,"Bullet The Blue Sky","0.99"
2467,"Os Exilados","0.99"
2619,"True Believers","0.99"
1790,"Heavy Love Affair","0.99"
1577,"Immigrant Song","0.99"
36,"Angel","0.99"
2558,"Radio/Video","0.99"
102,"Doesn't Remind Me","0.99"
2064,"Caleidoscópio","0.99"
2283,"Me In Honey","0.99"
3037,"The Wanderer","0.99"
915,"Layla","0.99"
1677,"Aloha","0.99"
2103,"Flying High Again","0.99"
1884,"Some Kind Of Monster","0.99"
3258,"Whatever Gets You Thru the Night","0.99"
1758,"Cérebro Eletrônico","0.99"
2775,"Canário Do Reino","0.99"
3262,"Imagine","0.99"
157,"Tomorrow's Dream","0.99"
1559,"Diamonds And Rust (Live)","0.99"
2042,"Protesto Do Olodum (Ao Vivo)","0.99"
1909,"The Meaning Of The Blues","0.99"
2046,"Manguetown","0.99"
1080,"Assum Preto","0.99"
2364,"Mellowship Slinky In B Major","0.99"
3400,"Moth","0.99"
2309,"Electrolite","0.99"
191,"Machine Men","0.99"
1972,"Kickstart My Heart","0.99"
1539,"Equinocio","0.99"
218,"Linha Do Equador","0.99"
1500,"Satch Boogie","0.99"
1736,"Tudo Bem","0.99"
2931,"So Cruel","0.99"
580,"El Farol","0.99"
1625,"I Can't Quit You Baby","0.99"
2949,"The Three Sunrises","0.99"
2623,"Lil' Evil","0.99"
912,"Tears In Heaven","0.99"
2771,"A Festa Do Santo Reis","0.99"
1964,"Já Foi","0.99"
938,"RV","0.99"
1158,"Right Next Door to Hell","0.99"
753,"You Keep On Moving","0.99"
3486,"Act IV, Symphony","0.99"
2564,"Lost in Hollywood","0.99"
190,"Trupets Of Jericho","0.99"
2414,"Closer To The Heart","0.99"
554,"Trampled Under Foot","0.99"
3478,"Slowness","0.99"
2595,"(White Man) In Hammersmith Palais","0.99"
424,"Innuendo","0.99"
2809,"Amanhã Não Se Sabe","0.99"
2094,"I Don't Know","0.99"
2758,"Não Vou Ficar","0.99"
670,"Romaria (Renato Teixeira)","0.99"
1854,"Master Of Puppets","0.99"
1366,"Iron Maiden","0.99"
2423,"Persuasion","0.99"
1067,"Meu Guarda-Chuva","0.99"
2463,"Zé Trindade","0.99"
2392,"Parallel Universe","0.99"
1408,"Lightning Strikes Twice","0.99"
2783,"Prá Dizer Adeus","0.99"
888,"Madalena","0.99"
1235,"The Wicker Man","0.99"
502,"Não Dá Mais Pra Segurar (Explode Coração)","0.99"
3466,"Rehab (Hot Chip Remix)","0.99"
1872,"Attitude","0.99"
3382,"Billie Jean","0.99"
117,"Rock 'N' Roll Music","0.99"
257,"Manguetown","0.99"
1122,"Faceless","0.99"
1485,"May This Be Love","0.99"
1258,"Afraid To Shoot Strangers","0.99"
1166,"Double Talkin' Jive","0.99"
1637,"Friends","0.99"
914,"Nobody Knows You When You're Down & Out","0.99"
1150,"Mr. Brownstone","0.99"
2993,"Freedom For My People","0.99"
2992,"I Still Haven't Found What I'm Looking for","0.99"
1119,"Toda Menina Baiana","0.99"
506,"Diga Lá, Coração","0.99"
331,"Lavadeira","0.99"
1578,"Heartbreaker","0.99"
599,"Compulsion","0.99"
2655,"De Do Do Do, De Da Da Da","0.99"
1468,"Rollover D.J.","0.99"
2071,"Uma Brasileira","0.99"
1464,"Morning Glory","0.99"
1486,"Fire","0.99"
2735,"I'm A Boy","0.99"
2814,"Insensível","0.99"
2765,"Réu Confesso","0.99"
2568,"Black Light Syndrome","0.99"
1617,"When The Levee Breaks","0.99"
1196,"Millenium","0.99"
446,"I Was Made For Loving You","0.99"
749,"I Need Love","0.99"
2307,"So Fast, So Numb","0.99"
1843,"King Nothing","0.99"
1058,"Nervosa","0.99"
219,"Odara","0.99"
231,"Atras Da Porta","0.99"
1213,"The Trooper","0.99"
1803,"Holier Than Thou","0.99"
1053,"Bad, Bad Leroy Brown","0.99"
3164,"Verdade","0.99"
1452,"Were Do We Go From Here","0.99"
735,"Metrô. Linha 743","0.99"
2774,"Nosso Adeus","0.99"
2672,"Paint It Black","0.99"
166,"Smoked Pork","0.99"
1813,"Helpless","0.99"
1846,"Cure","0.99"
1648,"Down By The Seaside","0.99"
2045,"O Trem Da Juventude","0.99"
2529,"It Doesn't Matter","0.99"
3005,"New Year's Day","0.99"
1381,"Sea of Madness","0.99"
2044,"Vulcão Dub - Fui Eu","0.99"
193,"Realword","0.99"
1435,"Too Young To Die","0.99"
709,"(Wish I Could) Hideaway","0.99"
886,"Saudosa Maloca","0.99"
727,"Não Sei O Que Eu Quero Da Vida","0.99"
1405,"The Unbeliever","0.99"
2101,"Believer","0.99"
1231,"Bring Your Daughter... To The Slaughter","0.99"
1276,"09 - Iron Maiden","0.99"
1117,"Aquele Abraço","0.99"
557,"Beija-Flor","0.99"
485,"Minority","0.99"
2552,"Crackerman","0.99"
1388,"Children of the Damned","0.99"
1081,"Pau-De-Arara","0.99"
2976,"Do You Feel Loved","0.99"
1453,"King For A Day","0.99"
2687,"Thief In The Night","0.99"
1198,"Jacob's Ladder","0.99"
3264,"Jealous Guy","0.99"
3124,"So Por Amor","0.99"
2747,"Join Together","0.99"
2241,"Bossa","0.99"
170,"A Statistic","0.99"
712,"Born To Move","0.99"
192,"The Alchemist","0.99"
1174,"Civil War","0.99"
1696,"Meninos E Meninas","0.99"
1740,"Sereia","0.99"
513,"Ponto De Interrogação","0.99"
1575,"Nothin' To Lose","0.99"
415,"Astronomy","0.99"
2131,"Miss Sarajevo","0.99"
3142,"The Deeper The Love","0.99"
1365,"Fear Of The Dark","0.99"
1376,"The Prophecy","0.99"
689,"Long As I Can See The Light","0.99"
3303,"Top O' The Morning To Ya","0.99"
674,"Preciso Apender a Viver Só (Maysa)","0.99"
630,"Boogie Blues","0.99"
575,"Do You Like The Way","0.99"
1704,"Rock And Roll Is Dead","0.99"
1723,"Condição","0.99"
401,"Momentos Que Marcam","0.99"
3479,"Prometheus Overture, Op. 43","0.99"
2043,"Olodum - Smile (Instrumental)","0.99"
2191,"Arc","0.99"
2061,"Vamo Batê Lata","0.99"
2613,"Breathe","0.99"
739,"Eleanor Rigby","0.99"
1094,"Estrela (Live)","0.99"
3118,"A Bencao E Outros","0.99"
1562,"Comin' Home","0.99"
1130,"I Am","0.99"
85,"Cochise","0.99"
281,"Computadores Fazem Arte","0.99"
687,"Run Through The Jungle","0.99"
2245,"O Bicho Tá Pregando","0.99"
2788,"Nem 5 Minutos Guardados","0.99"
2663,"Message in a Bottle (new classic rock mix)","0.99"
2798,"Homem Primata","0.99"
2294,"I Remember California","0.99"
21,"Hell Ain't A Bad Place To Be","0.99"
2324,"Pretty Persuasion","0.99"
1814,"The Small Hours","0.99"
2119,"Heart In Your Hand","0.99"
1027,"See You","0.99"
1832,"Jump In The Fire","0.99"
1346,"Losfer Words","0.99"
3021,"Like A Song...","0.99"
3257,"Cold Turkey","0.99"
2717,"Waiting On A Sign","0.99"
205,"Jorge Da Capadócia","0.99"
2029,"Elza","0.99"
3155,"Sem Essa de Malandro Agulha","0.99"
67,"Ligia","0.99"
325,"TriboTchan","0.99"
895,"Crossroads","0.99"
673,"Garota de Ipanema (Dick Farney)","0.99"
2084,"O Beco","0.99"
2066,"Tendo A Lua","0.99"
1638,"Celebration Day","0.99"
2086,"Perplexo","0.99"
1794,"Everything I Need","0.99"
334,"Reggae Tchan","0.99"
2651,"Can't Stand Losing You","0.99"
1071,"Divirta-Se (Saindo Da Sua)","0.99"
2330,"Cuyahoga","0.99"
540,"Posso Perder Minha Mulher, Minha Mãe, Desde Que Eu Tenha O Rock And Roll","0.99"
2445,"For Your Babies","0.99"
2566,"Dark Corners","0.99"
464,"As We Sleep","0.99"
3496,"Étude 1, In C Major - Preludio (Presto) - Liszt","0.99"
2516,"Black Hole Sun","0.99"
2261,"Save Me","0.99"
1777,"When I Had Your Love","0.99"
1842,"Until It Sleeps","0.99"
1254,"Age Of Innocence","0.99"
2794,"32 Dentes","0.99"
1133,"American Idiot","0.99"
2137,"Theme From The Swan","0.99"
1271,"04 - Running Free","0.99"
3096,"Dirty Water Dog","0.99"
2449,"Água E Fogo","0.99"
2118,"Most High","0.99"
206,"Prenda Minha","0.99"
2350,"Sapato 36","0.99"
53,"Sea Of Sorrow","0.99"
275,"Da Lama Ao Caos","0.99"
260,"Sangue De Bairro","0.99"
139,"A.N.D.R.O.T.A.Z.","0.99"
1459,"Manifest Destiny","0.99"
2515,"The Day I Tried To Live","0.99"
3369,"Call Me a Dog","0.99"
425,"It's A Hard Life","0.99"
1868,"Bad Seed","0.99"
2335,"A Sua","0.99"
825,"One Man's Meat","0.99"
1040,"Summer Love","0.99"
1597,"Over The Hills And Far Away","0.99"
3459,"Back to Black","0.99"
2072,"Luis Inacio (300 Picaretas)","0.99"
1350,"Powerslave","0.99"
654,"Minha Namorada","0.99"
3015,"When Love Comes To Town","0.99"
1643,"That's The Way","0.99"
549,"You Fool No One","0.99"
2436,"The Right Thing","0.99"
380,"Samba da Bençaco","0.99"
653,"Como É Duro Trabalhar","0.99"
2744,"Won't Get Fooled Again (Full Length Version)","0.99"
2964,"Vertigo","0.99"
1339,"The Trooper","0.99"
130,"Do what cha wanna","0.99"
612,"Nefertiti","0.99"
2341,"Bê-a-Bá","0.99"
1521,"As Dores do Mundo","0.99"
3141,"You're Gonna Break My Hart Again","0.99"
1277,"The Ides Of March","0.99"
2550,"Plush","0.99"
1855,"The Thing That Should Not Be","0.99"
887,"As Aparências Enganam","0.99"
1772,"O Xote Das Meninas","0.99"
2548,"Creep","0.99"
959,"King For A Day","0.99"
1797,"It's a Mistake","0.99"
1123,"Changes","0.99"
1517,"Santa Clara Clareou","0.99"
1598,"The Crunge","0.99"
2363,"I Could Have Lied","0.99"
437,"Black Diamond","0.99"
2271,"We Will Rock You","0.99"
999,"Still","0.99"
2624,"Spirit Walker","0.99"
1536,"Voce Inteira","0.99"
103,"Drown Me Slowly","0.99"
2810,"Caras Como Eu","0.99"
875,"Acelerou","0.99"
2738,"Pictures Of Lily","0.99"
1236,"Ghost Of The Navigator","0.99"
420,"Under Pressure","0.99"
1722,"Casa","0.99"
1985,"Shout At The Devil","0.99"
196,"Stone Crazy","0.99"
3003,"All I Want Is You","0.99"
2100,"Crazy Train","0.99"
61,"I Know Somethin (Bout You)","0.99"
2240,"Hip Hop Rio","0.99"
3127,"Um Homem Chamado Alfredo","0.99"
602,"'Round Midnight","0.99"
3272,"Gimme Some Truth","0.99"
697,"Born On The Bayou","0.99"
3123,"Samba Pra Endrigo","0.99"
2112,"Dee","0.99"
2325,"Green Grow The Rushes","0.99"
3114,"Slither","0.99"
1591,"Ozone Baby","0.99"
397,"Linha Do Horizonte","0.99"
2381,"Can't Stop","0.99"
427,"Who Wants To Live Forever","0.99"
179,"Evil Dick","0.99"
562,"Mangueira","0.99"
2279,"Who Needs You","0.99"
2079,"Cinema Mudo","0.99"
1652,"Boogie With Stu","0.99"
3320,"Chapa o Coco","0.99"
1518,"Filho Maravilha","0.99"
1819,"Blitzkrieg","0.99"
2973,"Original Of The Species","0.99"
3456,"You Know I'm No Good","0.99"
445,"She","0.99"
2573,"Sting Me","0.99"
889,"Maria Rosa","0.99"
1611,"Rock & Roll","0.99"
2487,"Blissed & Gone","0.99"
2503,"Stand Inside Your Love","0.99"
253,"Maracatu Atômico","0.99"
2004,"In Bloom","0.99"
692,"Hey Tonight","0.99"
14,"Spellbound","0.99"
1369,"Sanctuary","0.99"
581,"Primavera","0.99"
3076,"Right Now","0.99"
3119,"Tudo Na Mais Santa Paz","0.99"
1134,"Jesus Of Suburbia / City Of The Damned / I Don't Care / Dearly Beloved / Tales Of Another Broken Home","0.99"
2019,"Poeira","0.99"
1818,"Am I Evil?","0.99"
603,"Bye Bye Blackbird","0.99"
2483,"Rock On","0.99"
3418,"Die Walküre: The Ride of the Valkyries","0.99"
3261,"Oh, My Love","0.99"
3484,"Adios nonino","0.99"
757,"Flight Of The Rat","0.99"
1600,"D'Yer Mak'er","0.99"
771,"Nobody's Home","0.99"
2081,"Lanterna Dos Afogados","0.99"
2088,"Quase Um Segundo","0.99"
1875,"Ride The Lightning","0.99"
1402,"Blood On The World's Hands","0.99"
1582,"Stairway To Heaven","0.99"
1763,"De Noite Na Cama","0.99"
1347,"Flash of The Blade","0.99"
1417,"Out Of Sight","0.99"
1,"For Those About To Rock (We Salute You)","0.99"
76,"Canta, Canta Mais","0.99"
3485,"Symphony No. 3 Op. 36 for Orchestra and Soprano ""Symfonia Piesni Zalosnych"" \ Lento E Largo - Tranquillissimo","0.99"
2739,"I Can See For Miles","0.99"
1392,"Run to the Hills","0.99"
2373,"Sir Psycho Sexy","0.99"
3052,"Where Have All The Good Times Gone?","0.99"
71,"Falando De Amor","0.99"
2941,"Walk On","0.99"
80,"The Unforgiven","0.99"
1817,"Last Caress/Green Hell","0.99"
861,"Lilás","0.99"
738,"Admirável Gado Novo","0.99"
2500,"Ava Adore","0.99"
1095,"Pela Internet (Live)","0.99"
1958,"O Que Vai Em Meu Coração","0.99"
2812,"Era Uma Vez","0.99"
1973,"Wild Side","0.99"
2013,"On A Plain","0.99"
3060,"Little Guitars","0.99"
3423,"Jupiter, the Bringer of Jollity","0.99"
751,"Love Child","0.99"
237,"Minha Historia","0.99"
3070,"Jump","0.99"
262,"Interlude Zumbi","0.99"
3433,"Concerto No.2 in F Major, BWV1047, I. Allegro","0.99"
2141,"Prowler","0.99"
1892,"All Within My Hands","0.99"
399,"Abrir A Porta","0.99"
1504,"Midnight","0.99"
238,"Com Açúcar E Com Afeto","0.99"
1699,"Giz","0.99"
2258,"Bicycle Race","0.99"
798,"King Of Dreams","0.99"
2596,"Tommy Gun","0.99"
2472,"Lucky 13","0.99"
1623,"Black Mountain Side","0.99"
2696,"Out Of Tears","0.99"
990,"No Way Back","0.99"
685,"Who'll Stop The Rain","0.99"
905,"Wonderful Tonight","0.99"
3365,"Say Hello 2 Heaven","0.99"
1379,"Caught Somewhere in Time","0.99"
1895,"Eye Of The Beholder","0.99"
3324,"Um Lugar ao Sol","0.99"
3044,"Wear You To The Ball","0.99"
3115,"Dirty Little Thing","0.99"
2409,"Freewill","0.99"
1116,"Expresso 2222","0.99"
1290,"The Trooper","0.99"
2790,"Palavras","0.99"
3401,"Show Me How to Live (Live at the Quart Festival)","0.99"
1280,"Another Life","0.99"
616,"Black Satin","0.99"
1245,"Wildest Dreams","0.99"
2282,"Shiny Happy People","0.99"
1393,"The Number Of The Beast","0.99"
2437,"It's Only Love","0.99"
395,"Eu Vim Da Bahia - Live","0.99"
542,"Meu Refrigerador Não Funciona","0.99"
1294,"Powerslave","0.99"
882,"Romaria","0.99"
274,"Samba Makossa","0.99"
1304,"Phantom Of The Opera","0.99"
163,"Laguna Sunrise","0.99"
669,"Caçador de Mim (Sá & Guarabyra)","0.99"
223,"Sozinho (Hitmakers Classic Mix)","0.99"
352,"Carolina Hard-Core Ecstasy","0.99"
3006,"With Or Without You","0.99"
1512,"Os Alquimistas Estão Chegando","0.99"
362,"Gavioes 2001","0.99"
221,"Atrás Da Verd-E-Rosa Só Não Vai Quem Já Morreu","0.99"
2251,"Hemp Family","0.99"
2589,"Hard To Handle","0.99"
2070,"Busca Vida","0.99"
2048,"Bora-Bora","0.99"
111,"Money","0.99"
1093,"Quanta (Live)","0.99"
1076,"Juazeiro","0.99"
1709,"American Woman","0.99"
16,"Dog Eat Dog","0.99"
2052,"Sincero Breu","0.99"
326,"Tapa Aqui, Descobre Ali","0.99"
371,"Morro Da Casa Verde 2001","0.99"
655,"Por Que Será","0.99"
1327,"No Prayer For The Dying","0.99"
2637,"Sweet Soul Sister","0.99"
183,"King In Crimson","0.99"
2997,"Love Rescue Me","0.99"
2787,"Marvin","0.99"
656,"Berimbau","0.99"
3225,"Your Time Is Gonna Come","0.99"
3314,"One For The Road","0.99"
2304,"Be Mine","0.99"
1731,"A Cura","0.99"
1355,"Brave New World","0.99"
3022,"Drowning Man","0.99"
995,"Free Me","0.99"
2359,"If You Have To Ask","0.99"
3489,"Symphony No. 2: III. Allegro vivace","0.99"
928,"Mouth To Mouth","0.99"
536,"Vida De Cachorro","0.99"
55,"I Can't Remember","0.99"
148,"The Beginning...At Last","0.99"
790,"Cascades : I'm Not Your Lover","0.99"
1499,"Always With Me, Always With You","0.99"
652,"Formosa","0.99"
1898,"Harvester Of Sorrow","0.99"
758,"Into The Fire","0.99"
2614,"Nico","0.99"
2196,"Why Go","0.99"
1750,"Waterhole (Expresso Bongo)","0.99"
1136,"Boulevard Of Broken Dreams","0.99"
576,"Maria Maria","0.99"
1003,"Friend Of A Friend","0.99"
292,"Já Foi","0.99"
2784,"Família","0.99"
663,"Chão de Giz (Elba Ramalho)","0.99"
929,"Ashes To Ashes","0.99"
1811,"My Friend Of Misery","0.99"
2125,"United Colours","0.99"
2204,"Go","0.99"
1373,"Can I Play With Madness","0.99"
2642,"Twentienth Century Fox","0.99"
1268,"01 - Prowler","0.99"
940,"Everything's Ruined","0.99"
173,"KKK Bitch","0.99"
1963,"É Fogo","0.99"
2276,"Fight From The Inside","0.99"
42,"Right Through You","0.99"
876,"Um Amor Puro","0.99"
2983,"The Playboy Mansion","0.99"
658,"Pot-Pourri N.º 2","0.99"
2990,"Hawkmoon 269","0.99"
1422,"Say It Loud, I'm Black And I'm Proud Pt.1","0.99"
440,"Love Gun","0.99"
3150,"Coração Em Desalinho","0.99"
1004,"Over And Out","0.99"
57,"It Ain't Like That","0.99"
3071,"Panama","0.99"
19,"Problem Child","0.99"
1313,"Afraid To Shoot Strangers","0.99"
2721,"Army Ants","0.99"
644,"Showcase","0.99"
1857,"Disposable Heroes","0.99"
1262,"The Fugitive","0.99"
357,"Advance Romance","0.99"
1143,"Wake Me Up When September Ends","0.99"
2543,"Sex Type Thing","0.99"
307,"Doutor","0.99"
366,"Camisa Verde 2001","0.99"
1606,"Hot Dog","0.99"
3476,"Help Yourself","0.99"
1312,"The Evil That Men Do","0.99"
10,"Evil Walks","0.99"
2168,"Severed Hand","0.99"
1602,"The Ocean","0.99"
2773,"Padre Cícero","0.99"
1662,"Rock & Roll","0.99"
822,"A Twist In The Tail","0.99"
3494,"Symphony No. 2, Op. 16 -  ""The Four Temperaments"": II. Allegro Comodo e Flemmatico","0.99"
3078,"Humans Being","0.99"
1118,"Palco","0.99"
2796,"Não Vou Lutar","0.99"
1990,"Smells Like Teen Spirit","0.99"
3301,"Salutations","0.99"
13,"Night Of The Long Knives","0.99"
1776,"You've Been A Long Time Coming","0.99"
699,"Tombstone Shadow","0.99"
1936,"Idolatrada","0.99"
75,"O Boto (Bôto)","0.99"
2770,"Eu Amo Você","0.99"
246,"Mateus Enter","0.99"
2275,"Spread Your Wings","0.99"
344,"Travelling Riverside Blues","0.99"
3253,"Instant Karma","0.99"
2799,"Polícia (Vinheta)","0.99"
1522,"Vou Pra Ai","0.99"
1967,"A Moça e a Chuva","0.99"
637,"Overtime","0.99"
3442,"Wellington's Victory or the Battle Symphony, Op.91: 2. Symphony of Triumph","0.99"
2528,"Heliopolis","0.99"
222,"Vida Boa","0.99"
2742,"The Seeker","0.99"
1006,"Virginia Moon","0.99"
3046,"Higher Ground","0.99"
3462,"Wake Up Alone","0.99"
453,"Cold Gin","0.99"
2555,"B.Y.O.B.","0.99"
1950,"Dance","0.99"
3047,"Bring Me Your Cup","0.99"
1549,"Hot Rockin'","0.99"
563,"União Da Ilha","0.99"
3463,"Some Unholy War","0.99"
1613,"Stairway To Heaven","0.99"
2098,"No More Tears","0.99"
438,"Hard Luck Woman","0.99"
1804,"The Unforgiven","0.99"
853,"Cigano","0.99"
2526,"Song For Lorraine","0.99"
1349,"Back in the Village","0.99"
3378,"Safe and Sound","0.99"
799,"The Cut Runs Deep","0.99"
276,"Maracatu De Tiro Certeiro","0.99"
1044,"My Kind Of Town","0.99"
1823,"So What","0.99"
589,"Um Love","0.99"
3054,"Cathedral","0.99"
1583,"Going To California","0.99"
682,"Down On The Corner","0.99"
567,"Tradição","0.99"
44,"You Learn","0.99"
1144,"Homecoming / The Death Of St. Jimmy / East 12th St. / Nobody Likes You / Rock And Roll Girlfriend / We're Coming Home Again","0.99"
2150,"Given To Fly","0.99"
816,"The Battle Rages On","0.99"
1585,"Whole Lotta Love (Medley)","0.99"
2391,"Around The World","0.99"
1398,"Fortunes Of War","0.99"
1022,"Hey, Johnny Park!","0.99"
507,"Lindo Lago Do Amor","0.99"
2951,"Sweetest Thing","0.99"
944,"A Small Victory","0.99"
419,"A Kind Of Magic","0.99"
3035,"The First Time","0.99"
2601,"Bankrobber","0.99"
2760,"Salve Nossa Senhora","0.99"
2235,"Any Colour You Like","0.99"
2214,"Leash","0.99"
1540,"Papelão","0.99"
1434,"When You Gonna Learn (Digeridoo)","0.99"
519,"Voce Nao Entende Nada - Cotidiano","0.99"
965,"Epic","0.99"
1250,"Gates Of Tomorrow","0.99"
30,"Amazing","0.99"
521,"Menino Do Rio","0.99"
3101,"Primary","0.99"
2345,"O Dia Em Que A Terra Parou","0.99"
2303,"Bittersweet Me","0.99"
2605,"This Is Radio Clash","0.99"
1561,"Tyrant (Live)","0.99"
981,"Zeca Violeiro","0.99"
2149,"Corduroy","0.99"
1221,"2 Minutes To Midnight","0.99"
3308,"Danny Boy, Danny Boy","0.99"
1678,"Soul Parsifal","0.99"
3073,"Dreams","0.99"
209,"Eclipse Oculto","0.99"
138,"Bored To Tears","0.99"
2538,"Wall Of Denial","0.99"
947,"Midnight Cowboy","0.99"
972,"Woodpecker From Mars","0.99"
1411,"The Educated Fool","0.99"
3374,"All Night Thing","0.99"
90,"Set It Off","0.99"
1681,"Leila","0.99"
904,"Knockin On Heavens Door","0.99"
2130,"Beach Sequence","0.99"
3032,"Stay (Faraway, So Close!)","0.99"
3133,"Here I Go Again","0.99"
2754,"O Descobridor Dos Sete Mares","0.99"
2682,"Saint Of Me","0.99"
526,"Fora Da Ordem","0.99"
2594,"Clash City Rockers","0.99"
1428,"Get Up Offa That Thing","0.99"
524,"Queixa","0.99"
2800,"Querem Meu Sangue","0.99"
312,"Eu Também Quero Beijar","0.99"
1151,"Paradise City","0.99"
862,"Acelerou","0.99"
1185,"You Could Be Mine","0.99"
494,"Slave","0.99"
469,"Poprocks And Coke","0.99"
1793,"Be Good Johnny","0.99"
1986,"Intro","0.99"
488,"Macy's Day Parade","0.99"
2255,"Another One Bites The Dust","0.99"
1101,"De Ouro E Marfim (Live)","0.99"
1048,"It Was A Very Good Year","0.99"
1995,"Scentless Apprentice","0.99"
99,"Your Time Has Come","0.99"
629,"Opus No.1","0.99"
726,"Palavras Ao Vento","0.99"
1215,"Transylvania","0.99"
3499,"Pini Di Roma (Pinien Von Rom) \ I Pini Della Via Appia","0.99"
2999,"Heartland","0.99"
2591,"White Riot","0.99"
3405,"Canon and Gigue in D Major: I. Canon","0.99"
1727,"Brumário","0.99"
2410,"Xanadu","0.99"
442,"Goin' Blind","0.99"
2254,"Bohemian Rhapsody","0.99"
1238,"Blood Brothers","0.99"
12,"Breaking The Rules","0.99"
479,"Walking Contradiction","0.99"
2143,"Women In Uniform","0.99"
2513,"Rusty Cage","0.99"
1354,"Ghost Of The Navigator","0.99"
1976,"Same Ol' Situation","0.99"
2486,"Soot & Stars","0.99"
3030,"Numb","0.99"
1503,"Lords of Karma","0.99"
2477,"My Mistake","0.99"
2782,"Go Back","0.99"
696,"Suzie-Q, Pt. 2","0.99"
2396,"Californication","0.99"
1253,"Face In The Sand","0.99"
2954,"Dancing Barefoot","0.99"
270,"Banditismo Por Uma Questa","0.99"
898,"Bell Bottom Blues","0.99"
384,"Mistério da Raça","0.99"
1713,"I Belong To You","0.99"
2577,"Cursed Diamonds","0.99"
3274,"God","0.99"
2535,"Let Me Love You Baby","0.99"
826,"Pour Some Sugar On Me","0.99"
431,"The Invisible Man","0.99"
2737,"Happy Jack","0.99"
2654,"Don't Stand so Close to Me","0.99"
2114,"When The World Was Young","0.99"
3351,"Din Din Wo (Little Child)","0.99"
911,"Hey Hey","0.99"
462,"Valentino's","0.99"
2297,"The Wake-Up Bomb","0.99"
2691,"You Got Me Rocking","0.99"
1615,"Four Sticks","0.99"
1397,"Man On The Edge","0.99"
2126,"Slug","0.99"
2160,"Nothingman","0.99"
3290,"The Zoo","0.99"
1579,"Since I've Been Loving You","0.99"
3069,"Unchained","0.99"
711,"Molina","0.99"
768,"Knocking At Your Back Door","0.99"
1036,"I Get A Kick Out Of You","0.99"
2089,"Selvagem","0.99"
1928,"Maria, Maria","0.99"
188,"Gates Of Urizen","0.99"
1467,"Are You Gonna Be My Girl","0.99"
2155,"MFC","0.99"
2164,"F*Ckin' Up","0.99"
1932,"Saudade Dos Aviões Da Panair (Conversando No Bar)","0.99"
2536,"Leave My Girl Alone","0.99"
650,"Canto De Ossanha","0.99"
2700,"Suck On The Jugular","0.99"
2413,"Anthem","0.99"
843,"Otay","0.99"
1161,"Don't Cry (Original)","0.99"
447,"Shout It Out Loud","0.99"
1911,"I Don't Wanna Be Kissed (By Anyone But You)","0.99"
2428,"Evil Ways","0.99"
1684,"Quando Você Voltar","0.99"
3137,"Now You're Gone","0.99"
1639,"Since I've Been Loving You","0.99"
2455,"Maquinarama","0.99"
3012,"The Unforgettable Fire","0.99"
1495,"Highway Chile","0.99"
1021,"Monkey Wrench","0.99"
5,"Princess of the Dawn","0.99"
1165,"Back off Bitch","0.99"
1608,"All My Love","0.99"
1429,"It's Too Funky In Here","0.99"
807,"Stormbringer","0.99"
2705,"Walking Wounded","0.99"
361,"X-9 2001","0.99"
1173,"Coma","0.99"
2971,"Crumbs From Your Table","0.99"
1508,"Mama Africa","0.99"
2227,"Crystal Ball","0.99"
1557,"Metal Meltdown","0.99"
785,"Space Truckin'","0.99"
643,"Jungle Drums","0.99"
2074,"Ela Disse Adeus","0.99"
3136,"Looking For Love","0.99"
3029,"Babyface","0.99"
343,"Communication Breakdown(2)","0.99"
31,"Blind Man","0.99"
1199,"She Wears Black","0.99"
2534,"Tightrope","0.99"
2695,"Moon Is Up","0.99"
2078,"Óculos","0.99"
722,"Meu Mundo Fica Completo (Com Você)","0.99"
3396,"Shape of Things to Come","0.99"
1097,"Opachorô (Live)","0.99"
199,"Leave My Girl Alone","0.99"
1374,"The Evil That Men Do","0.99"
902,"Swing Low Sweet Chariot","0.99"
1142,"Letterbomb","0.99"
740,"Socorro","0.99"
2166,"World Wide Suicide","0.99"
2986,"Wake Up Dead Man","0.99"
230,"Bye, Bye Brasil","0.99"
2236,"Brain Damage","0.99"
1663,"Celebration Day","0.99"
1917,"A Noite Do Meu Bem","0.99"
78,"Master Of Puppets","0.99"
2199,"Oceans","0.99"
1927,"Para Lennon E McCartney","0.99"
611,"E.S.P.","0.99"
621,"Going Down / Highway Star","0.99"
1382,"Heaven Can Wait","0.99"
1852,"The Outlaw Torn","0.99"
2387,"On Mercury","0.99"
2751,"Primavera","0.99"
585,"Entre E Ouça","0.99"
455,"God Gave Rock 'n' Roll To You","0.99"
708,"Pagan Baby","0.99"
1630,"Thank You","0.99"
448,"God Of Thunder","0.99"
2545,"No Memory","0.99"
701,"Night Time Is The Right Time","0.99"
1861,"Fuel","0.99"
322,"Livre Pra Viver","0.99"
2757,"New Love","0.99"
2346,"No Fundo Do Quintal Da Escola","0.99"
863,"Um Amor Puro","0.99"
1886,"Invisible Kid","0.99"
1413,"Como Estais Amigos","0.99"
289,"Podes Crer","0.99"
1202,"These Colours Don't Run","0.99"
3000,"God Part II","0.99"
2450,"Três Lados","0.99"
2762,"Cristina Nº 2","0.99"
490,"River Song","0.99"
3391,"Sound of a Gun","0.99"
627,"Let Me Off Uptown","0.99"
286,"Firmamento","0.99"
376,"Vôo Sobre o Horizonte","0.99"
2963,"Trash, Trampoline And The Party Girl","0.99"
147,"Blood In The Wall","0.99"
2473,"Aeroplane Flies High","0.99"
480,"Stuck With Me","0.99"
1834,"Whiplash","0.99"
1941,"Caso Você Queira Saber","0.99"
3019,"Seconds","0.99"
2432,"Funky Piano","0.99"
1470,"Get What You Need","0.99"
989,"In Your Honor","0.99"
2278,"Sleep On The Sidewalk","0.99"
535,"Chão De Estrelas","0.99"
1159,"Dust N' Bones","0.99"
3409,"Suite for Solo Cello No. 1 in G Major, BWV 1007: I. Prélude","0.99"
1820,"Breadfan","0.99"
2562,"Sad Statue","0.99"
2132,"Ito Okashi","0.99"
3441,"Two Fanfares for Orchestra: II. Short Ride in a Fast Machine","0.99"
2187,"Green Disease","0.99"
3055,"Secrets","0.99"
2699,"Sweethearts Together","0.99"
2319,"Radio Free Aurope","0.99"
1869,"Where The Wild Things Are","0.99"
918,"Alberta","0.99"
2050,"I Feel Good (I Got You) - Sossego","0.99"
848,"Outbreak","0.99"
1303,"Die With Your Boots On","0.99"
1588,"Poor Tom","0.99"
2051,"Uns Dias","0.99"
